{"cameraMode":{"drawMode":0,"name":"Shaded","section":"Shading Mode"},"sceneLighting":true,"audioPlay":false,"sceneViewState":{"showFog":false,"showMaterialUpdate":false,"showSkybox":false,"showFlares":false,"showImageEffects":false,"showParticleSystems":true},"in2DMode":false,"pivot":{"x":347.2301940917969,"y":247.4280242919922,"z":-108.41033935546875},"rotation":{"x":-0.003192721400409937,"y":0.9958271980285645,"z":-0.08265324681997299,"w":-0.03855619207024574},"size":958.6580810546875,"orthographic":false}