{"cameraMode":{"drawMode":0,"name":"Shaded","section":"Shading Mode"},"sceneLighting":false,"audioPlay":false,"sceneViewState":{"showFog":true,"showMaterialUpdate":false,"showSkybox":true,"showFlares":true,"showImageEffects":true,"showParticleSystems":true},"in2DMode":false,"pivot":{"x":-1.7591311931610108,"y":-2.7636733055114748,"z":7.709179878234863},"rotation":{"x":0.23429273068904878,"y":-0.1494971662759781,"z":0.03648902103304863,"w":0.9599094390869141},"size":0.7201862931251526,"orthographic":true}