{"cameraMode":{"drawMode":0,"name":"Shaded","section":"Shading Mode"},"sceneLighting":true,"audioPlay":false,"sceneViewState":{"showFog":true,"showMaterialUpdate":false,"showSkybox":true,"showFlares":true,"showImageEffects":true,"showParticleSystems":true},"in2DMode":false,"pivot":{"x":4.633636474609375,"y":0.4267767071723938,"z":3.5468697547912599},"rotation":{"x":0.23429273068904878,"y":-0.1494971662759781,"z":0.03648902103304863,"w":0.9599094390869141},"size":25.286134719848634,"orthographic":true}