{"cameraMode":{"drawMode":0,"name":"Shaded","section":"Shading Mode"},"sceneLighting":true,"audioPlay":false,"sceneViewState":{"showFog":true,"showMaterialUpdate":false,"showSkybox":true,"showFlares":true,"showImageEffects":true,"showParticleSystems":true},"in2DMode":false,"pivot":{"x":1.0099999904632569,"y":1.313082218170166,"z":2.5209975242614748},"rotation":{"x":0.23429273068904878,"y":-0.1494971662759781,"z":0.03648902103304863,"w":0.9599094390869141},"size":4.023370742797852,"orthographic":true}