{"cameraMode":{"drawMode":0,"name":"Shaded","section":"Shading Mode"},"sceneLighting":false,"audioPlay":false,"sceneViewState":{"showFog":true,"showMaterialUpdate":false,"showSkybox":true,"showFlares":true,"showImageEffects":true,"showParticleSystems":true},"in2DMode":false,"pivot":{"x":-2.1697235107421877,"y":2.048783779144287,"z":-5.258391380310059},"rotation":{"x":-0.11580193787813187,"y":0.5202714800834656,"z":-0.07146138697862625,"w":-0.8430900573730469},"size":11.32845687866211,"orthographic":false}