{"cameraMode":{"drawMode":0,"name":"Shaded","section":"Shading Mode"},"sceneLighting":false,"audioPlay":false,"sceneViewState":{"showFog":true,"showMaterialUpdate":false,"showSkybox":true,"showFlares":true,"showImageEffects":true,"showParticleSystems":true},"in2DMode":false,"pivot":{"x":8.466411590576172,"y":11.809175491333008,"z":2.1302847862243654},"rotation":{"x":-0.17268939316272736,"y":0.7375683784484863,"z":-0.20556630194187165,"w":-0.6196078062057495},"size":14.289420127868653,"orthographic":false}